{
  "AL": [
    32.806671,
    -86.791130
  ],
  "AK": [
    61.385000,
    -152.268300
  ],
  "AZ": [
    34.048928,
    -111.093731
  ],
  "AR": [
    34.969704,
    -92.373123
  ],
  "CA": [
    36.778259,
    -119.417931
  ],
  "CO": [
    39.550051,
    -105.782067
  ],
  "CT": [
    41.603221,
    -73.087749
  ],
  "DE": [
    38.910832,
    -75.527670
  ],
  "FL": [
    27.994402,
    -81.760254
  ],
  "GA": [
    32.157435,
    -82.907123
  ],
  "HI": [
    19.741755,
    -155.844437
  ],
  "ID": [
    44.068203,
    -114.742041
  ],
  "IL": [
    40.633125,
    -89.398528
  ],
  "IN": [
    40.551217,
    -85.602364
  ],
  "IA": [
    41.878003,
    -93.097702
  ],
  "KS": [
    39.011902,
    -98.484246
  ],
  "KY": [
    37.839333,
    -84.270019
  ],
  "LA": [
    30.984298,
    -91.962333
  ],
  "ME": [
    45.253783,
    -69.445469
  ],
  "MD": [
    39.045755,
    -76.641271
  ],
  "MA": [
    42.407210,
    -71.382437
  ],
  "MI": [
    44.314844,
    -85.602364
  ],
  "MN": [
    46.729553,
    -94.685900
  ],
  "MS": [
    32.354668,
    -89.398528
  ],
  "MO": [
    37.964253,
    -91.831833
  ],
  "MT": [
    46.879682,
    -110.362566
  ],
  "NE": [
    41.492537,
    -99.901813
  ],
  "NV": [
    38.802610,
    -116.419389
  ],
  "NH": [
    43.193852,
    -71.572395
  ],
  "NJ": [
    40.058324,
    -74.405661
  ],
  "NM": [
    34.519940,
    -105.870090
  ],
  "NY": [
    43.299428,
    -74.217933
  ],
  "NC": [
    35.759573,
    -79.019300
  ],
  "ND": [
    47.551493,
    -101.002012
  ],
  "OH": [
    40.417287,
    -82.907123
  ],
  "OK": [
    35.007751,
    -97.092877
  ],
  "OR": [
    43.804133,
    -120.554201
  ],
  "PA": [
    41.203322,
    -77.194525
  ],
  "RI": [
    41.580095,
    -71.477429
  ],
  "SC": [
    33.836081,
    -81.163725
  ],
  "SD": [
    43.969515,
    -99.901813
  ],
  "TN": [
    35.517491,
    -86.580447
  ],
  "TX": [
    31.968599,
    -99.901813
  ],
  "UT": [
    39.320980,
    -111.093731
  ],
  "VT": [
    44.558803,
    -72.577841
  ],
  "VA": [
    37.431573,
    -78.656894
  ],
  "WA": [
    47.751074,
    -120.740139
  ],
  "WV": [
    38.597626,
    -80.454903
  ],
  "WI": [
    43.784440,
    -88.787868
  ],
  "WY": [
    43.075968,
    -107.290284
  ],
  "DC": [
    38.907192,
    -77.036873
  ],
  "PR": [
    18.220833,
    -66.590149
  ],
  "GU": [
    13.444304,
    144.793731
  ],
  "VI": [
    18.335765,
    -64.896335
  ]
}